{"cameraMode":{"drawMode":0,"name":"Shaded","section":"Shading Mode"},"sceneLighting":true,"audioPlay":false,"sceneViewState":{"showFog":true,"showMaterialUpdate":false,"showSkybox":true,"showFlares":true,"showImageEffects":true,"showParticleSystems":true},"in2DMode":false,"pivot":{"x":1.2502365112304688,"y":-0.014617443084716797,"z":0.5198609828948975},"rotation":{"x":-0.006311139091849327,"y":-0.7351282835006714,"z":0.006843884475529194,"w":-0.6778641939163208},"size":9.892704010009766,"orthographic":false}