{"cameraMode":{"drawMode":0,"name":"Shaded","section":"Shading Mode"},"sceneLighting":true,"audioPlay":false,"sceneViewState":{"showFog":true,"showMaterialUpdate":false,"showSkybox":true,"showFlares":true,"showImageEffects":true,"showParticleSystems":true},"in2DMode":false,"pivot":{"x":-1.0432912111282349,"y":0.6574648022651672,"z":0.8061082363128662},"rotation":{"x":0.1346314251422882,"y":-0.27069446444511416,"z":0.038262296468019488,"w":0.9524362683296204},"size":0.1901894211769104,"orthographic":false}