{"cameraMode":{"drawMode":0,"name":"Shaded","section":"Shading Mode"},"sceneLighting":true,"audioPlay":false,"sceneViewState":{"showFog":true,"showMaterialUpdate":false,"showSkybox":true,"showFlares":true,"showImageEffects":true,"showParticleSystems":true},"in2DMode":false,"pivot":{"x":895.4000854492188,"y":306.3582763671875,"z":-7.09999942779541},"rotation":{"x":-0.025804726406931878,"y":0.02458912692964077,"z":-0.0006342835840769112,"w":-0.9993643760681152},"size":971.2158203125,"orthographic":false}